company,category
www.ukjuicers.com,Beauty & Well-being
www.perfume-click.co.uk,Beauty & Well-being
www.holisticshop.co.uk,Beauty & Well-being
nutritiongeeks.co,Beauty & Well-being
www.zipvit.co.uk,Beauty & Well-being
flannels.com,Shopping & Fashion
www.superdrug.com,Beauty & Well-being
www.yogamatters.com,Beauty & Well-being
www.beautybay.com,Beauty & Well-being
www.pureseoul.co.uk,Beauty & Well-being
www.cultbeauty.co.uk,Beauty & Well-being
refybeauty.com,Beauty & Well-being
glaize.co,Beauty & Well-being
glistencosmetics.com,Beauty & Well-being
www.mandco.com,Shopping & Fashion
pompomlondon.com,Shopping & Fashion
stashyscrunchie.com,Shopping & Fashion
www.mastershoe.co.uk,Shopping & Fashion
savana.com,Shopping & Fashion
www.snaintongolf.co.uk,Sports
www.brandalley.co.uk,Shopping & Fashion
www.houseoffraser.co.uk,Shopping & Fashion
cottontraders.com,Shopping & Fashion
endclothing.com,Shopping & Fashion
www.andsons.co.uk,Shopping & Fashion
tillettsclothing.co.uk,Shopping & Fashion
londonsockcompany.com,Shopping & Fashion
uk.toonzshop.com,Shopping & Fashion
chillys.com,Shopping & Fashion
www.boohoo.com,Shopping & Fashion
www.next.co.uk,Shopping & Fashion
stylevana.com,Beauty & Well-being
disturbia.co.uk,Shopping & Fashion
canterbury.com,Sports
www.lovellsports.com,Sports
www.allroundercricket.com,Sports
www.hollywoodbowl.co.uk,Sports
welzo.com,Health & Medical
goodbodyclinic.com,Health & Medical
dwaligners.co.uk,Health & Medical
hertilityhealth.com,Health & Medical
ascenti.co.uk,Health & Medical
synergydental.org.uk,Health & Medical
curatehealth.co.uk,Health & Medical
trysuri.com,Beauty & Well-being
pharmadoctor.co.uk,Health & Medical
www.chemist-4-u.com,Health & Medical
www.bakerross.co.uk,Hobbies & Crafts
www.hobbycraft.co.uk,Hobbies & Crafts
www.worldofwool.co.uk,Hobbies & Crafts
www.hachettepartworks.com,Hobbies & Crafts
www.empiremedals.com,Hobbies & Crafts
jadlamracingmodels.com,Hobbies & Crafts
www.modelsport.co.uk,Hobbies & Crafts
hattonsoflondon.co.uk,Hobbies & Crafts
www.heinnie.com,Hobbies & Crafts
www.anglingactive.co.uk,Hobbies & Crafts
www.terrysfabrics.co.uk,Hobbies & Crafts
poundfabrics.co.uk,Hobbies & Crafts
careco.co.uk,Health & Medical
www.justgloves.co.uk,Health & Medical
palmsafe.co.uk,Health & Medical
golfclubs4cash.co.uk,Sports
www.ldmountaincentre.com,Shopping & Fashion
www.sportsshoes.com,Sports
druids.com,Sports
fabletics.co.uk,Shopping & Fashion
www.outdoorgb.com,Shopping & Fashion
cardsplug.com,Sports
www.petsathome.com,Animals & Pets
jollyes.co.uk,Animals & Pets
dam-health.com,Health & Medical
dochq.co.uk,Health & Medical
expresstest.co.uk,Health & Medical
www.eurofins.com,Health & Medical
qured.com,Health & Medical
conceptoclinic.co.uk,Health & Medical
www.windowtothewomb.co.uk,Health & Medical
projectscreen.co.uk,Health & Medical
assuredscreening.com,Health & Medical
www.trophystore.co.uk,Hobbies & Crafts
storage4crafts.co.uk,Hobbies & Crafts
selectspecs.com,Health & Medical
www.qvcuk.com,Shopping & Fashion
www.dukevideo.com,Sports
www.skates.co.uk,Sports
opro.com,Sports
www.carchaseheroes.com,Sports
www.tiso.com,Shopping & Fashion
frankgreen.com,Home & Garden
emmabridgewater.co.uk,Home & Garden
www.lakeland.co.uk,Home & Garden
www.oakfurnitureland.co.uk,Home & Garden
www.procook.co.uk,Home & Garden
tapi.co.uk,Home & Garden
www.wickes.co.uk,Home & Garden
www.balsamhill.co.uk,Home & Garden
www.bedeckhome.com,Home & Garden
www.rugvista.com,Home & Garden
werchristmas.co.uk,Home & Garden
www.plumbworld.co.uk,Home & Garden
www.homebase.co.uk,Home & Garden
www.dunelm.com,Home & Garden
showerspares.com,Home & Garden
www.wrenkitchens.com,Home & Garden
www.victorianplumbing.co.uk,Home & Garden
www.ukchristmasworld.com,Home & Garden
www.worktop-express.co.uk,Home & Garden
gardenbird.co.uk,Animals & Pets
www.firsttunnels.co.uk,Home & Garden
eastcoastfencing.com,Home & Garden
www.jacksons-fencing.co.uk,Home & Garden
www.elbecgardenbuildings.co.uk,Home & Garden
www.gardensite.co.uk,Home & Garden
postbuddysystem.com,Home & Garden
www.avsfencing.co.uk,Home & Garden
thebasketcompany.com,Home & Garden
www.primrose.co.uk,Home & Garden
www.stitcher.co.uk,Hobbies & Crafts
chrisrileymedium.com,Hobbies & Crafts
therapieclinic.com,Beauty & Well-being
www.lookfantastic.com,Beauty & Well-being
allbeauty.com,Beauty & Well-being
www.richersounds.com,Electronics & Technology
sharkclean.co.uk,Electronics & Technology
www.ghdhair.com,Electronics & Technology
www.vax.co.uk,Electronics & Technology
www.mrmemory.co.uk,Electronics & Technology
gtech.co.uk,Electronics & Technology
studio.co.uk,Shopping & Fashion
www.ebuyer.com,Electronics & Technology
www.go-electrical.co.uk,Home & Garden
backmarket.co.uk,Electronics & Technology
directvacuums.co.uk,Electronics & Technology
www.partmaster.co.uk,Electronics & Technology
www.buyspares.co.uk,Electronics & Technology
www.espares.co.uk,Electronics & Technology
hotpointservice.co.uk,Electronics & Technology
www.dyson.co.uk,Electronics & Technology
www.markselectrical.co.uk,Electronics & Technology
www.appliancecity.co.uk,Electronics & Technology
www.appliancesdirect.co.uk,Electronics & Technology
www.hivehome.com,Electronics & Technology
www.very.co.uk,Shopping & Fashion
ransomspares.co.uk,Electronics & Technology
hughes.co.uk,Electronics & Technology
www.sonicdirect.co.uk,Electronics & Technology
www.currys.co.uk,Electronics & Technology
www.sevenoakssoundandvision.co.uk,Electronics & Technology
bopdj.com,Electronics & Technology
www.lcegroup.co.uk,Electronics & Technology
www.petertyson.co.uk,Electronics & Technology
www.hotroxuk.com,Hobbies & Crafts
www.idmobile.co.uk,Electronics & Technology
giffgaff.com,Electronics & Technology
sendmeachristmastree.co.uk,Home & Garden
www.physioroom.com,Beauty & Well-being
www.stressnomore.co.uk,Beauty & Well-being
healthcarepro.co.uk,Health & Medical
go-assist.co.uk,Electronics & Technology
www.able-group.co.uk,Home Services
amawaste.co.uk,Home Services
www.wecasa.co.uk,Health & Medical
firsthomeimprovements.co.uk,Home Services
www.bensgutters.com,Home Services
fantasticservices.com,Home Services
www.valuedoors.co.uk,Home & Garden
helloservices.co.uk,Home Services
www.0800repair.com,Home Services
jgpestcontrol.co.uk,Home Services
www.mollymaid.co.uk,Home Services
www.plumbnation.co.uk,Home Services
www.dyno.com,Home Services
helpling.co.uk,Home Services
www.tiles-direct.com,Home Services
housekeep.com,Home Services
www.tilemountain.co.uk,Home Services
www.ukflooringdirect.co.uk,Home Services
rapidformations.co.uk,Business Services
www.loveenergysavings.com,Shopping & Fashion
crunch.co.uk,Business Services
skrill.com,Business Services
eposnow.com,Business Services
www.xero.com,Business Services
www.takepayments.com,Business Services
www.clearpay.co.uk,Business Services
www.thortful.com,Business Services
www.energizedcustoms.co.uk,Business Services
www.cartridgesave.co.uk,Business Services
moonpig.com,Business Services
somethingdifferentwholesale.co.uk,Business Services
www.stinkyinkshop.co.uk,Business Services
www.solopress.com,Business Services
ylive-community.com,Business Services
yougov.com,Business Services
www.valuedopinions.co.uk,Business Services
www.rentokil.co.uk,Home Services
www.yourrepair.co.uk,Home Services
www.rightio.co.uk,Home Services
www.pimlicoplumbers.com,Home Services
equus.co.uk,Sports
wetherspoons.co.uk,Restaurants & Bars
www.buzzcateringsupplies.com,Restaurants & Bars
www.harvester.co.uk,Restaurants & Bars
www.drinkstuff.com,Restaurants & Bars
www.nisbets.co.uk,Restaurants & Bars
www.tobycarvery.co.uk,Restaurants & Bars
planthood.co.uk,Restaurants & Bars
hellofresh.co.uk,Restaurants & Bars
www.burgerking.co.uk,Restaurants & Bars
gailsbread.co.uk,"Food, Beverages & Tobacco"
www.brewersfayre.co.uk,Restaurants & Bars
hungryhorse.co.uk,Restaurants & Bars
www.oddbox.co.uk,Restaurants & Bars
gousto.co.uk,Restaurants & Bars
simplycook.com,Restaurants & Bars
www.chefonline.co.uk,Restaurants & Bars
mindfulchef.com,Restaurants & Bars
nonnatonda.co.uk,Restaurants & Bars
www.nutriseed.co.uk,Restaurants & Bars
berwickshellfish.com,Restaurants & Bars
www.eversfieldorganic.co.uk,Restaurants & Bars
thecornishfishmonger.co.uk,Restaurants & Bars
smallworldfs.com,Money & Insurance
www.cashback.co.uk,Money & Insurance
getyourtaxreturned.co.uk,Money & Insurance
saladmoney.co.uk,Money & Insurance
www.unbiased.co.uk,Money & Insurance
www.firstdirect.com,Money & Insurance
wise.com,Money & Insurance
blockchain.com,Money & Insurance
uk.virginmoney.com,Money & Insurance
chase.co.uk,Money & Insurance
www.monzo.com,Money & Insurance
zopa.com,Money & Insurance
tsb.co.uk,Money & Insurance
transfergo.com,Money & Insurance
kraken.com,Money & Insurance
www.tescobank.com,Money & Insurance
tide.co,Money & Insurance
www.startlinemotorfinance.com,Money & Insurance
www.aldermore.co.uk,Money & Insurance
www.quidco.com,Money & Insurance
airtimerewards.co.uk,Money & Insurance
www.hsbc.co.uk,Money & Insurance
www.santander.co.uk,Money & Insurance
wirexapp.com,Money & Insurance
www.villaplus.com,Travel & Vacation
www.hoseasons.co.uk,Travel & Vacation
www.sykescottages.co.uk,Travel & Vacation
cottages.com,Travel & Vacation
holidaycottages.co.uk,Travel & Vacation
www.jet2holidays.com,Travel & Vacation
www.crystaltravel.co.uk,Travel & Vacation
www.easyjet.com,Travel & Vacation
www.lastminute.com,Travel & Vacation
www.barrheadtravel.co.uk,Travel & Vacation
www.travelrepublic.co.uk,Travel & Vacation
www.onthebeach.co.uk,Travel & Vacation
www.netflights.com,Travel & Vacation
www.saga.co.uk,Money & Insurance
www.thomascook.com,Travel & Vacation
www.caledoniantravel.com,Travel & Vacation
trip.com,Travel & Vacation
holidayextras.com,Shopping & Fashion
travelup.com,Travel & Vacation
www.bluechipholidays.co.uk,Travel & Vacation
www.travelzoo.com,Travel & Vacation
www.flightcentre.co.uk,Travel & Vacation
www.dunsterhouse.co.uk,Home & Garden
www.prioritypass.com,Travel & Vacation
budgetair.co.uk,Travel & Vacation
www.skyscanner.net,Travel & Vacation
awayresorts.co.uk,Travel & Vacation
loveholidays.com,Travel & Vacation
www.tui.co.uk,Travel & Vacation
www.travelhouseuk.co.uk,Travel & Vacation
myhotelbreak.com,Travel & Vacation
www.premierinn.com,Travel & Vacation
superescapes.co.uk,Travel & Vacation
www.audleytravel.com,Travel & Vacation
www.travelodge.co.uk,Travel & Vacation
traveltrolley.co.uk,Travel & Vacation
www.canadianaffair.com,Travel & Vacation
axminstertools.com,Construction & Manufacturing
www.powertoolmate.co.uk,Construction & Manufacturing
www.avanthomes.co.uk,Construction & Manufacturing
www.ukplanettools.co.uk,Construction & Manufacturing
fastfix.co.uk,Construction & Manufacturing
electricalworld.com,Electronics & Technology
cloudy2clearwindows.co.uk,Construction & Manufacturing
www.cromwell.co.uk,Construction & Manufacturing
mdfdirect.co.uk,Construction & Manufacturing
dvspowertools.co.uk,Construction & Manufacturing
eurocell.co.uk,Construction & Manufacturing
www.ffx.co.uk,Construction & Manufacturing
zerowater.co.uk,Construction & Manufacturing
denbypottery.com,Construction & Manufacturing
www.littlegreene.com,Construction & Manufacturing
www.sarahraven.com,Home & Garden
kane.co.uk,Construction & Manufacturing
www.toolden.co.uk,Construction & Manufacturing
uk.ryobitools.eu,Construction & Manufacturing
cef.co.uk,Business Services
fastlec.co.uk,Business Services
anchorpumps.com,Construction & Manufacturing
subcold.com,Electronics & Technology
rutlands.com,Construction & Manufacturing
craigmoreonline.co.uk,Construction & Manufacturing
ukbuildsupplies.com,Construction & Manufacturing
www.dortechdirect.co.uk,Construction & Manufacturing
harveywatersofteners.co.uk,Construction & Manufacturing
rackingsolutions.co.uk,Home Services
belling.co.uk,Electronics & Technology
ariston.com,Construction & Manufacturing
valdaenergy.com,Utilities
pozitive.energy,Utilities
www.robertheath.co.uk,Utilities
www.flogas.co.uk,Utilities
rebelenergy.com,Utilities
www.avantigas.com,Utilities
plumblondon.com,Utilities
www.goodenergy.co.uk,Utilities
www.wessexwater.co.uk,Utilities
www.ovoenergy.com,Utilities
www.moneyexpert.com,Utilities
www.goffpetroleum.co.uk,Construction & Manufacturing
www.thameswater.co.uk,Utilities
yuenergy.co.uk,Utilities
www.water-plus.co.uk,Utilities
www.scottishpower.co.uk,Utilities
isupplyenergy.co.uk,Utilities
kinex.co.uk,Utilities
castlewater.co.uk,Utilities
octopus.energy,Utilities
www.calor.co.uk,Utilities
bulb.co.uk,Utilities
so.energy,Utilities
www.utilita.co.uk,Utilities
www.stwater.co.uk,Utilities
rubyenergy.uk,Utilities
uw.co.uk,Electronics & Technology
www.edfenergy.com,Utilities
eonnext.com,Utilities
www.cooperativeenergy.coop,Utilities
www.autowindscreens.co.uk,Vehicles & Transportation
www.nationalexpress.com,Vehicles & Transportation
www.poferries.com,Vehicles & Transportation
www.sportpursuit.com,Beauty & Well-being
www.planetx.co.uk,Vehicles & Transportation
www.protyre.co.uk,Vehicles & Transportation
www.brittany-ferries.co.uk,Vehicles & Transportation
taxis.gatwickairport.com,Vehicles & Transportation
flixbus.co.uk,Vehicles & Transportation
www.kwik-fit.com,Vehicles & Transportation
www.thetrainline.com,Vehicles & Transportation
www.leisurelakesbikes.com,Vehicles & Transportation
www.national.co.uk,Vehicles & Transportation
www.ferryonline.co.uk,Vehicles & Transportation
www.halfords.com,Vehicles & Transportation
www.blackcircles.com,Vehicles & Transportation
www.balfesbikes.co.uk,Vehicles & Transportation
www.merlincycles.com,Vehicles & Transportation
tyresonthedrive.com,Vehicles & Transportation
www.winstanleysbikes.co.uk,Vehicles & Transportation
www.sportandleisure.com,Vehicles & Transportation
www.directferries.co.uk,Vehicles & Transportation
sigmasports.com,Vehicles & Transportation
www.tredz.co.uk,Vehicles & Transportation
www.plates4less.co.uk,Vehicles & Transportation
www.demon-tweeks.com,Vehicles & Transportation
www.evanscycles.com,Vehicles & Transportation
www.huntbikewheels.com,Vehicles & Transportation
www.tayna.co.uk,Electronics & Technology
leshuttle.com,Travel & Vacation
paulscycles.co.uk,Vehicles & Transportation
www.webuyanycar.com,Vehicles & Transportation
brompton.com,Vehicles & Transportation
revive-uk.com,Vehicles & Transportation
1stchoice.co.uk,Vehicles & Transportation
www.eurocarparts.com,Vehicles & Transportation
etyres.co.uk,Vehicles & Transportation
www.f1autocentres.co.uk,Vehicles & Transportation
www.carmats-uk.com,Vehicles & Transportation
www.paddockspares.com,Vehicles & Transportation
popsa.com,Media & Publishing
www.amazon.com,Media & Publishing
www.hmv.com,Media & Publishing
www.friday-ad.co.uk,Shopping & Fashion
www.snapfish.co.uk,Media & Publishing
www.sky.com,Media & Publishing
cewe.co.uk,Media & Publishing
fairdealmusic.co.uk,Hobbies & Crafts
www.designmynight.com,Media & Publishing
getinthemix.com,Media & Publishing
www.chemical-records.co.uk,Shopping & Fashion
horizonsmusic.co.uk,Media & Publishing
www.stringsdirect.co.uk,Media & Publishing
wonderbly.com,Media & Publishing
bookshop.blackwell.co.uk,Media & Publishing
worldofbooks.com,Media & Publishing
eil.com,Media & Publishing
www.juno.co.uk,Media & Publishing
planetoffers.co.uk,Media & Publishing
www.richtonemusic.co.uk,Hobbies & Crafts
www.getmein.com,Media & Publishing
www.isubscribe.co.uk,Media & Publishing
www.gear4music.com,Media & Publishing
mobiletopup.co.uk,Electronics & Technology
foliosociety.com,Media & Publishing
www.gak.co.uk,Media & Publishing
www.photobox.co.uk,Media & Publishing
www.whybuynew.co.uk,Media & Publishing
freesnaps.co.uk,Media & Publishing
best4frames.co.uk,Home & Garden
www.1clickprint.com,Media & Publishing
instantprint.co.uk,Business Services
bootsphoto.com,Media & Publishing
www.jessops.com,Electronics & Technology
www.incrystals.co.uk,Media & Publishing
booksplea.se,Media & Publishing
www.books2door.com,Media & Publishing
www.audible.co.uk,Media & Publishing
scifier.com,Media & Publishing
www.anchor.org.uk,Public & Local Services
topcv.com,Public & Local Services
www.leedsbuildingsociety.co.uk,Public & Local Services
orbitcustomerhub.org.uk,Public & Local Services
www.clearabee.co.uk,Home Services
arbolus.com,Public & Local Services
placesforpeople.co.uk,Public & Local Services
litta.co,Public & Local Services
yourparkingspace.co.uk,Vehicles & Transportation
www.ybs.co.uk,Public & Local Services
anyjunk.co.uk,Public & Local Services
www.purecremation.co.uk,Public & Local Services
biffa.co.uk,Public & Local Services
www.myclarionhousing.com,Public & Local Services
hippowaste.co.uk,Public & Local Services
livingdna.com,Public & Local Services
www.ancestry.co.uk,Public & Local Services
thettcgroup.com,Education & Training
icslearn.co.uk,Education & Training
www.virtual-college.co.uk,Education & Training
www.learningpeople.com,Education & Training
theknowledgeacademy.com,Education & Training
trinitycollege.com,Education & Training
www.get-licensed.co.uk,Education & Training
e-careers.com,Education & Training
kaplan.co.uk,Education & Training
www.i-to-i.com,Education & Training
www.citylit.ac.uk,Education & Training
oxbridgehomelearning.uk,Education & Training
www.learndirect.com,Education & Training
freecoursesinengland.co.uk,Education & Training
treasuretrails.co.uk,Travel & Vacation
passmefast.co.uk,Education & Training
www.youngdriver.eu,Education & Training
www.nationalintensive.com,Education & Training
avadolearning.com,Education & Training
www.sja.org.uk,Health & Medical
www.passngo.com,Education & Training
reddrivingschool.com,Education & Training
honeylegal.co.uk,Legal Services & Government
www.ordnancesurvey.co.uk,Business Services
www.dclaw.co.uk,Legal Services & Government
slatergordon.co.uk,Legal Services & Government
www.conveyancingindex.co.uk,Shopping & Fashion
www.enact.co.uk,Legal Services & Government
sovereignplanning.co.uk,Legal Services & Government
pcslegal.co.uk,Legal Services & Government
myhomemoveconveyancing.co.uk,Legal Services & Government
onpsolicitors.co.uk,Legal Services & Government
360.optimalegal.co.uk,Legal Services & Government
iasservices.org.uk,Legal Services & Government
simplerlaw.co.uk,Legal Services & Government
thepartnershiplimited.com,Legal Services & Government
www.irwinmitchell.com,Legal Services & Government
www.legacywills.co.uk,Legal Services & Government
www.expresssolicitors.co.uk,Legal Services & Government
www.conveylaw.com,Legal Services & Government
www.minsterlaw.co.uk,Legal Services & Government
www.ucheck.co.uk,Legal Services & Government
www.regtransfers.co.uk,Vehicles & Transportation
www.shopto.net,Events & Entertainment
www.buyagift.co.uk,Events & Entertainment
www.londontheatre.co.uk,Events & Entertainment
omaze.co.uk,Events & Entertainment
www.redletterdays.co.uk,Events & Entertainment
www.lovetheatre.com,Events & Entertainment
www.fanatical.com,Events & Entertainment
www.ticketmaster.co.uk,Events & Entertainment
www.atgtickets.com,Events & Entertainment
www.twickets.live,Events & Entertainment
www.virginexperiencedays.co.uk,Events & Entertainment
www.funkypigeon.com,Events & Entertainment
www.itison.com,Shopping & Fashion
www.bloomandwild.com,Home & Garden
www.attractiontickets.com,Events & Entertainment
www.seetickets.com,Events & Entertainment
www.lovehoney.co.uk,Events & Entertainment
www.hoteldirect.co.uk,Travel & Vacation
www.pistonheads.com,Shopping & Fashion
seatunique.com,Events & Entertainment
www.ooni.com,Public & Local Services
www.gigsandtours.com,Events & Entertainment
dice.fm,Events & Entertainment
fanpass.co.uk,Events & Entertainment
stubhub.co.uk,Events & Entertainment
www.ents24.com,Events & Entertainment
ruby-group.co.uk,Home & Garden
www.skiddle.com,Events & Entertainment
bluebella.com,Shopping & Fashion
www.bondara.co.uk,Events & Entertainment
uk.match.com,Events & Entertainment
www.altontowers.com,Events & Entertainment
funkincocktails.co.uk,"Food, Beverages & Tobacco"
daylesford.com,"Food, Beverages & Tobacco"
misfits.health,Beauty & Well-being
www.oneeducation.org.uk,Education & Training
hsstraining.com,Public & Local Services
www.totaljobs.com,Business Services
myjuniper.co.uk,Beauty & Well-being
lyphe.com,Health & Medical
curaleafclinic.com,Health & Medical
cliniccenter.co.uk,Health & Medical
mysteryfootball.co.uk,Sports
directsoccer.co.uk,Sports
www.networldsports.co.uk,Sports
www.neweracap.co.uk,Shopping & Fashion
www.classicfootballshirts.co.uk,Sports
www.prodirectsport.com,Shopping & Fashion
shopjoga.com,Sports
just-keepers.com,Sports
www.absoluterugby.co.uk,Sports
www.mysterykits.co.uk,Sports
www.decathlon.co.uk,Shopping & Fashion
www.lovell-rugby.co.uk,Sports
mysteryshirtinabox.com,Sports
www.stovefitterswarehouse.co.uk,Home & Garden
www.allstarcard.co.uk,Business Services
www.cpsfuels.co.uk,Utilities
www.ecotricity.co.uk,Utilities
smartestenergy.com,Utilities
ukfuels.co.uk,Business Services
www.openrent.co.uk,Money & Insurance
www.spareroom.co.uk,Money & Insurance
purplebricks.co.uk,Money & Insurance
flatfair.co.uk,Money & Insurance
www.theaa.com,Money & Insurance
fixauto.com,Vehicles & Transportation
pod-point.com,Vehicles & Transportation
haynes.com,Vehicles & Transportation
justpark.com,Vehicles & Transportation
farmerautocare.com,Vehicles & Transportation
www.ohme-ev.com,Vehicles & Transportation
routenote.com,Media & Publishing
rarewaves.com,Media & Publishing
